{
    "rsme": 0.8094110720050717,
    "mae": 0.6551462834843994,
    "r2": 0.013014969842177981
}